person,water,gas,electricity,total
育瑄,178.25,174.5,276.16,628.9100000000001
彥玗,178.25,174.5,276.16,628.9100000000001
垂恩,178.25,174.5,281.52000000000004,634.27
瑀娜,178.25,174.5,276.16,628.9100000000001
