person,water,gas,electricity,total
育瑄,144.25,59.5,424.66999999999996,628.42
彥玗,144.25,59.5,583.5899999999999,787.3399999999999
垂恩,144.25,59.5,356.16999999999996,559.92
瑀娜,144.25,59.5,320.54999999999995,524.3
